{
  "Close Sessions On End" : 2,
  "HotKey Modifier Flags" : 393216,
  "Ansi 15 Color (Dark)" : {
    "Green Component" : 0.99997437000274658,
    "Blue Component" : 0.99999129772186279,
    "Red Component" : 1
  },
  "Ansi 0 Color" : {
    "Green Component" : 0,
    "Blue Component" : 0,
    "Red Component" : 0
  },
  "Cursor Text Color" : {
    "Green Component" : 1,
    "Blue Component" : 1,
    "Red Component" : 1
  },
  "Custom Window Title" : "qvnt33_iterm",
  "Smart Cursor Color" : false,
  "Prompt Before Closing 2" : 1,
  "Ansi 3 Color (Dark)" : {
    "Green Component" : 0.81672251224517822,
    "Blue Component" : 0.19727933406829834,
    "Red Component" : 0.99627053737640381
  },
  "HotKey Window Floats" : true,
  "Ansi 12 Color (Dark)" : {
    "Green Component" : 0.81066548824310303,
    "Blue Component" : 0.99898606538772583,
    "Red Component" : 0.43880558013916016
  },
  "HotKey Modifier Activation" : 0,
  "Initial Use Transparency" : true,
  "Mouse Reporting" : true,
  "Use Underline Color (Light)" : false,
  "Disable Window Resizing" : true,
  "Status Bar Layout" : {
    "components" : [

    ],
    "advanced configuration" : {
      "remove empty components" : false,
      "auto-rainbow style" : 0,
      "font" : ".AppleSystemUIFont 12",
      "algorithm" : 0
    }
  },
  "BM Growl" : true,
  "Background Color (Dark)" : {
    "Green Component" : 0.14745020866394043,
    "Blue Component" : 0.16608485579490662,
    "Red Component" : 0.11278382688760757
  },
  "Guid" : "0061B0F1-8332-4550-8D6E-16C791934362",
  "Cursor Color (Dark)" : {
    "Green Component" : 0.91671288013458252,
    "Blue Component" : 0.91648769378662109,
    "Red Component" : 0.91654461622238159
  },
  "HotKey Window AutoHides" : false,
  "Initial Text" : "",
  "Selection Color (Dark)" : {
    "Green Component" : 0.41462835669517517,
    "Blue Component" : 0.47096589207649231,
    "Red Component" : 0.30659490823745728
  },
  "HotKey Characters" : "`",
  "Only The Default BG Color Uses Transparency" : false,
  "Scrollback Lines" : 5000,
  "Badge Color (Dark)" : {
    "Red Component" : 0.92929404973983765,
    "Color Space" : "P3",
    "Blue Component" : 0.13960540294647217,
    "Alpha Component" : 0.5,
    "Green Component" : 0.25479039549827576
  },
  "Faint Text Alpha" : 0.5,
  "Ansi 0 Color (Dark)" : {
    "Green Component" : 0.35616019368171692,
    "Blue Component" : 0.40253299474716187,
    "Red Component" : 0.26286587119102478
  },
  "Transparency" : 0.14999999999999999,
  "Bound Hosts" : [

  ],
  "Custom Icon Path" : "\/Users\/qx3kk\/Downloads\/Terminal Icon.png",
  "Use Bright Bold" : true,
  "Horizontal Spacing" : 1,
  "Ansi 13 Color (Light)" : {
    "Green Component" : 0.40164706110954285,
    "Blue Component" : 0.60766077041625977,
    "Red Component" : 0.9887651801109314
  },
  "Blur" : true,
  "Ansi 13 Color" : {
    "Green Component" : 0.47450980392156861,
    "Blue Component" : 0.77647058823529413,
    "Red Component" : 1
  },
  "Ansi 2 Color (Dark)" : {
    "Green Component" : 0.94388872385025024,
    "Blue Component" : 0.62042194604873657,
    "Red Component" : 0.36202818155288696
  },
  "Cursor Color" : {
    "Green Component" : 0.73333334922790527,
    "Blue Component" : 0.73333334922790527,
    "Red Component" : 0.73333334922790527
  },
  "Unicode Version" : 9,
  "Use Cursor Guide (Light)" : false,
  "Option Key Sends" : 0,
  "Idle Code" : 0,
  "Ansi 13 Color (Dark)" : {
    "Green Component" : 0.40164706110954285,
    "Blue Component" : 0.60766077041625977,
    "Red Component" : 0.9887651801109314
  },
  "HotKey Window Reopens On Activation" : false,
  "Send Code When Idle" : false,
  "Selection Color" : {
    "Green Component" : 0.27843138575553894,
    "Blue Component" : 0.35294118523597717,
    "Red Component" : 0.26666668057441711
  },
  "Terminal Type" : "xterm-256color",
  "Show Status Bar" : false,
  "Cursor Boost (Dark)" : 0,
  "Right Option Key Sends" : 0,
  "Background Color" : {
    "Green Component" : 0.12215272337198257,
    "Blue Component" : 0.15977837145328522,
    "Red Component" : 0.11765811592340469
  },
  "Ansi 10 Color (Dark)" : {
    "Green Component" : 0.96712285280227661,
    "Blue Component" : 0.74659085273742676,
    "Red Component" : 0.67800694704055786
  },
  "Ansi 10 Color" : {
    "Green Component" : 0.98039215686274506,
    "Blue Component" : 0.4823529411764706,
    "Red Component" : 0.31372549019607843
  },
  "Vertical Spacing" : 1,
  "Use Tab Color (Light)" : false,
  "Cursor Type" : 2,
  "Badge Text" : "",
  "Columns" : 90,
  "Ansi 2 Color (Light)" : {
    "Green Component" : 0.94388872385025024,
    "Blue Component" : 0.62042194604873657,
    "Red Component" : 0.36202818155288696
  },
  "Screen" : -1,
  "Cursor Text Color (Dark)" : {
    "Green Component" : 0,
    "Blue Component" : 0,
    "Red Component" : 0
  },
  "Description" : "Default",
  "Unlimited Scrollback" : false,
  "Use Italic Font" : true,
  "Working Directory" : "\/Users\/qx3kk\/data_hub",
  "Selected Text Color (Dark)" : {
    "Green Component" : 0.92142927646636963,
    "Blue Component" : 0.93115901947021484,
    "Red Component" : 0.90730977058410645
  },
  "Use Cursor Guide (Dark)" : false,
  "Visual Bell" : true,
  "Link Color (Light)" : {
    "Red Component" : 0.14513972401618958,
    "Color Space" : "P3",
    "Blue Component" : 0.7093239426612854,
    "Alpha Component" : 1,
    "Green Component" : 0.35333043336868286
  },
  "Ansi 1 Color (Dark)" : {
    "Green Component" : 0.22098405659198761,
    "Blue Component" : 0.25575384497642517,
    "Red Component" : 0.9871404767036438
  },
  "Default Bookmark" : "No",
  "Ansi 14 Color (Light)" : {
    "Green Component" : 1,
    "Blue Component" : 0.90182536840438843,
    "Red Component" : 0.60292786359786987
  },
  "Ansi 7 Color (Light)" : {
    "Green Component" : 0.99997437000274658,
    "Blue Component" : 0.99999129772186279,
    "Red Component" : 1
  },
  "Ansi 3 Color (Light)" : {
    "Green Component" : 0.81672251224517822,
    "Blue Component" : 0.19727933406829834,
    "Red Component" : 0.99627053737640381
  },
  "Prevent Opening in a Tab" : false,
  "Title Components" : 2,
  "Ansi 9 Color (Dark)" : {
    "Green Component" : 0.45310419797897339,
    "Blue Component" : 0.42818409204483032,
    "Red Component" : 0.98958194255828857
  },
  "Badge Color (Light)" : {
    "Red Component" : 0.92929404973983765,
    "Color Space" : "P3",
    "Blue Component" : 0.13960540294647217,
    "Alpha Component" : 0.5,
    "Green Component" : 0.25479039549827576
  },
  "Ansi 14 Color (Dark)" : {
    "Green Component" : 1,
    "Blue Component" : 0.90182536840438843,
    "Red Component" : 0.60292786359786987
  },
  "Tags" : [

  ],
  "Link Color (Dark)" : {
    "Red Component" : 0.14513972401618958,
    "Color Space" : "P3",
    "Blue Component" : 0.7093239426612854,
    "Alpha Component" : 1,
    "Green Component" : 0.35333043336868286
  },
  "Custom Command" : "No",
  "Jobs to Ignore" : [
    "rlogin",
    "ssh",
    "slogin",
    "telnet",
    "python"
  ],
  "Use Non-ASCII Font" : false,
  "Custom Directory" : "No",
  "Use Selected Text Color (Light)" : true,
  "Bold Color (Light)" : {
    "Green Component" : 0.91671288013458252,
    "Blue Component" : 0.91648769378662109,
    "Red Component" : 0.91654461622238159
  },
  "Brighten Bold Text (Dark)" : true,
  "Ansi 8 Color (Light)" : {
    "Green Component" : 0.69167852401733398,
    "Blue Component" : 0.72321081161499023,
    "Red Component" : 0.63061976432800293
  },
  "Name" : "qvnt33_iterm2_presset",
  "Space" : 0,
  "Ansi 11 Color (Dark)" : {
    "Green Component" : 0.88262283802032471,
    "Blue Component" : 0.42511638998985291,
    "Red Component" : 0.99765938520431519
  },
  "HotKey Alternate Shortcuts" : [

  ],
  "Treat Option as Alt" : true,
  "Ansi 14 Color" : {
    "Green Component" : 0.9137254901960784,
    "Blue Component" : 0.99215686274509807,
    "Red Component" : 0.54509803921568623
  },
  "Faint Text Alpha (Dark)" : 0.5,